date,height,balance,usd
2014-05-06 14:17:27,299383,244000000,1041.86048
2014-05-06 16:36:52,299406,980000,4.1845216
2014-05-06 16:36:52,299406,980000,4.1845216
2014-05-07 02:31:30,299481,244980000,1070.4658329000001
2014-05-07 15:43:18,299565,74970000,327.58928685
2014-05-07 16:00:40,299567,960000,4.1948208
2014-05-10 04:28:53,299987,240960000,1090.8519436800002
2014-05-10 10:07:39,300033,940000,4.25548152
2014-05-10 10:07:39,300033,940000,4.25548152
2014-05-10 14:01:41,300061,238940000,1081.7071855200002
2014-05-11 13:01:29,300223,2920000,12.7470264
2014-05-11 13:01:29,300223,2920000,12.7470264
2014-05-14 03:09:40,300635,240920000,1064.2636181599999
2014-05-14 12:15:01,300686,72910000,322.07977918
2014-05-14 12:26:45,300687,900000,3.9757481999999995
2014-05-14 16:09:26,300716,119900000,529.6580102
2014-05-14 21:00:27,300742,238900000,1055.3402721999998
2014-05-15 06:25:16,300824,357900000,1590.2076798
2014-05-15 08:44:06,300837,476900000,2118.9439578
2014-05-15 10:47:06,300848,3880000,17.23946856
2014-05-15 10:47:06,300848,3880000,17.23946856
2014-05-15 13:06:56,300859,226880000,1008.06459456
2014-05-16 12:31:28,301033,338045458,1504.347248145914
2014-05-16 15:56:52,301058,25458,0.11329148591400001
2014-05-16 15:56:52,301058,25458,0.11329148591400001
2014-05-16 20:51:48,301096,119025458,529.679118485914
2014-05-18 10:44:40,301361,36015458,160.19999857522
2014-05-18 11:04:51,301365,0,0.0
2014-05-19 11:06:58,301538,116000000,515.402848
2014-05-19 18:16:55,301590,34990000,155.46504872
2014-05-19 18:33:18,301591,980000,4.35426544
2014-05-20 06:15:41,301679,116980000,568.3245188999999
2014-05-21 11:52:56,301892,35970000,175.95175125000003
2014-05-21 11:53:34,301893,960000,4.6959599999999995
2014-05-22 16:25:34,302104,106960000,562.67131592
2014-05-22 20:53:46,302135,206960000,1088.72901592
2014-05-23 02:05:26,302167,306960000,1593.2427283200002
2014-05-23 15:44:15,302255,404950002,2101.849250780784
2014-05-23 18:03:23,302269,502950002,2610.5076667807843
2014-05-23 19:10:04,302276,602950002,3129.5468667807845
2014-05-24 10:25:06,302391,930002,4.888399272664
2014-05-24 10:25:06,302391,930002,4.888399272664
2014-05-25 02:30:48,302484,100930002,575.3968949019
2014-05-27 12:36:14,302861,285930002,1628.752220152664
2014-05-28 11:49:19,303019,910002,5.227549259094
2014-05-28 11:49:19,303019,910002,5.227549259094
2014-05-29 22:13:44,303223,179910002,1017.4014960901161
2014-05-30 13:58:46,303335,1981910002,12217.880589329401
2014-05-30 14:55:40,303341,5890002,36.3100953294
2014-05-30 14:55:40,303341,5890002,36.3100953294
2014-05-30 15:53:19,303345,185890002,1145.9560953294001
2014-05-31 10:08:28,303450,56880002,354.50842342513397
2014-05-31 10:13:02,303451,870002,5.422345755134
2014-06-03 17:32:42,304051,79870002,531.7185643146
2014-06-03 23:20:33,304087,159870002,1064.3025643146002
2014-06-04 13:33:48,304207,241870002,1540.188747925674
2014-06-04 21:45:37,304261,850002,5.412674185674
2014-06-04 21:45:37,304261,850002,5.412674185674
2014-06-04 21:49:34,304262,82850002,527.575308185674
2014-06-05 09:01:31,304333,164850002,1081.514593421196
2014-06-05 10:44:00,304346,830002,5.445309461196
2014-06-05 10:44:00,304346,830002,5.445309461196
2014-06-05 11:33:59,304349,82830002,543.414345461196
2014-06-05 12:32:59,304356,810002,5.314097501196
2014-06-05 12:32:59,304356,810002,5.314097501196
2014-06-05 13:10:07,304362,82810002,543.2831335011961
2014-06-05 13:32:49,304363,161810002,1061.570375501196
2014-06-05 16:19:39,304375,790002,5.182885541196001
2014-06-05 16:19:39,304375,790002,5.182885541196001
2014-06-05 16:42:45,304379,238790002,1566.605209541196
2014-06-05 16:42:45,304379,238790002,1566.605209541196
2014-06-05 19:25:02,304395,317790002,2084.892451541196
2014-06-05 19:52:52,304400,396790002,2603.1796935411962
2014-06-05 20:50:00,304408,475790002,3121.466935541196
2014-06-05 21:28:29,304412,554790002,3639.754177541196
2014-06-05 21:41:51,304415,633790002,4158.041419541196
2014-06-05 21:56:26,304417,712790002,4676.328661541196
2014-06-05 22:10:57,304420,791790002,5194.6159035411965
2014-06-05 23:42:15,304430,870790002,5712.903145541196
2014-06-06 01:19:11,304436,941587261,6078.554976712867
2014-06-06 03:08:43,304449,1020587261,6588.551089712867
2014-06-06 05:25:00,304462,1099587261,7098.547202712867
2014-06-06 06:28:14,304472,1180587261,7621.454609712867
2014-06-06 11:58:34,304495,1264087261,8160.501134212867
2014-06-06 12:20:37,304497,1343087261,8670.497247212867
2014-06-06 13:01:13,304505,1422087261,9180.493360212868
2014-06-06 13:19:09,304506,1580077261,10200.421029742867
2014-06-06 13:19:09,304506,1580077261,10200.421029742867
2014-06-06 14:25:50,304514,1659077261,10710.417142742866
2014-06-06 16:02:25,304523,1738077261,11220.413255742867
2014-06-06 16:12:16,304524,1889096357,12195.33922977798
2014-06-06 16:12:16,304524,1889096357,12195.33922977798
2014-06-06 16:16:38,304525,1968096357,12705.335342777978
2014-06-06 16:34:40,304526,2047096357,13215.331455777978
2014-06-06 16:44:22,304527,2126096357,13725.32756877798
2014-06-06 17:25:34,304529,2366096357,15274.682848777979
2014-06-06 17:25:34,304529,2366096357,15274.682848777979
2014-06-06 17:25:34,304529,2366096357,15274.682848777979
2014-06-06 17:54:13,304531,2445096357,15784.67896177798
2014-06-06 18:04:48,304532,2524096357,16294.67507477798
2014-06-06 18:12:09,304533,2761096357,17824.66341377798
2014-06-06 18:12:09,304533,2761096357,17824.66341377798
2014-06-06 18:12:09,304533,2761096357,17824.66341377798
2014-06-06 18:41:52,304534,2840096357,18334.659526777978
2014-06-06 19:54:54,304539,2998096357,19354.65175277798
2014-06-06 19:54:54,304539,2998096357,19354.65175277798
2014-06-06 19:57:58,304540,3069530464,19815.80513133021
2014-06-06 20:10:51,304543,3148530464,20325.801244330207
2014-06-06 20:35:49,304546,3306530464,21345.79347033021
2014-06-06 20:35:49,304546,3306530464,21345.79347033021
2014-06-06 20:44:40,304547,3382690464,21837.45554585021
2014-06-06 20:56:42,304548,3540690464,22857.44777185021
2014-06-06 20:56:42,304548,3540690464,22857.44777185021
2014-06-06 21:35:26,304556,3619690464,23367.443884850207
2014-06-06 22:10:15,304559,3698690464,23877.439997850208
2014-06-06 22:32:14,304561,3856690464,24897.432223850206
2014-06-06 22:32:14,304561,3856690464,24897.432223850206
2014-06-06 22:46:34,304562,3935690464,25407.42833685021
2014-06-06 23:25:16,304565,4093680464,26427.356006380207
2014-06-06 23:25:16,304565,4093680464,26427.356006380207
2014-06-07 00:46:31,304572,4172780464,27236.084429306513
2014-06-07 01:12:49,304579,4251780464,27751.72398630651
2014-06-07 01:29:28,304580,4415780464,28822.165598306514
2014-06-07 03:38:13,304595,4494780464,29337.805155306512
2014-06-07 06:09:19,304604,4576780464,29873.025961306514
2014-06-07 10:18:57,304629,690464,4.506715836512
2014-06-07 10:18:57,304629,690464,4.506715836512
2014-06-07 14:04:13,304656,79690464,520.146272836512
2014-06-07 16:41:40,304674,237610464,1550.903220196512
2014-06-07 16:41:40,304674,237610464,1550.903220196512
2014-06-07 16:48:48,304675,316610464,2066.542777196512
2014-06-07 18:04:28,304686,395610464,2582.182334196512
2014-06-07 18:46:25,304689,474610464,3097.8218911965123
2014-06-07 21:07:02,304706,632600464,4129.035734366512
2014-06-07 21:07:02,304706,632600464,4129.035734366512
2014-06-08 06:49:56,304757,711600464,4651.306696090528
2014-06-08 10:00:42,304782,790600464,5167.682454090528
2014-06-08 18:08:28,304836,863600464,5644.839800090528
2014-06-08 22:28:58,304854,942600464,6161.215558090529
2014-06-09 06:50:22,304905,1101600464,7109.07945038224
2014-06-09 12:20:40,304939,1178760957,7607.027747513371
2014-06-09 14:33:13,304951,1257760957,8116.84713751337
2014-06-09 15:33:57,304953,1494660957,9645.65996651337
2014-06-09 15:33:57,304953,1494660957,9645.65996651337
2014-06-09 15:33:57,304953,1494660957,9645.65996651337
2014-06-09 15:45:02,304954,1569560656,10129.01843303696
2014-06-09 16:28:22,304956,1648550656,10638.77328893696
2014-06-09 17:53:06,304967,1727550656,11148.59267893696
2014-06-09 17:58:12,304968,1881191634,12140.10090277194
2014-06-09 17:58:12,304968,1881191634,12140.10090277194
2014-06-09 18:14:51,304971,141634,0.9140222719400001
2014-06-09 18:14:51,304971,141634,0.9140222719400001
2014-06-09 18:47:11,304973,79141634,510.73341227194004
2014-06-09 18:58:23,304974,158141634,1020.5528022719401
2014-06-09 20:07:24,304982,237141634,1530.37219227194
2014-06-09 21:04:25,304991,468780336,3025.23170814576
2014-06-09 21:04:25,304991,468780336,3025.23170814576
2014-06-09 21:04:25,304991,468780336,3025.23170814576
2014-06-09 22:30:46,305004,547880336,3535.69643914576
2014-06-09 23:58:11,305014,705880336,4555.33521914576
2014-06-09 23:58:11,305014,705880336,4555.33521914576
2014-06-10 01:11:56,305026,784880336,5100.205795190847
2014-06-10 04:39:49,305051,863880336,5613.553167190848
2014-06-10 07:04:41,305070,942880336,6126.900539190848
2014-06-10 12:21:41,305105,1021880336,6640.247911190848
2014-06-10 12:26:45,305106,1098880336,7140.599147190847
2014-06-10 12:44:28,305109,1170463070,7605.748620348759
2014-06-10 13:16:54,305114,1249463070,8119.09599234876
2014-06-10 13:34:46,305118,1407463070,9145.79073634876
2014-06-10 13:34:46,305118,1407463070,9145.79073634876
2014-06-10 13:37:15,305119,413070,2.68415694876
2014-06-10 13:37:15,305119,413070,2.68415694876
2014-06-10 14:05:47,305122,79413070,516.03152894876
2014-06-10 14:44:37,305125,158413070,1029.37890094876
2014-06-10 14:46:48,305127,317413070,2062.57171294876
2014-06-10 15:29:43,305129,396413070,2575.91908494876
2014-06-10 15:46:22,305130,475413070,3089.2664569487597
2014-06-10 16:44:06,305133,554413070,3602.61382894876
2014-06-10 18:06:55,305145,713413070,4635.80664094876
2014-06-10 18:15:04,305148,792413070,5149.154012948759
2014-06-10 19:01:41,305153,950413070,6175.848756948759
2014-06-10 19:01:41,305153,950413070,6175.848756948759
2014-06-10 19:18:26,305155,1109423070,7209.10654962876
2014-06-10 19:18:26,305155,1109423070,7209.10654962876
2014-06-10 19:44:05,305156,1188423070,7722.453921628759
2014-06-10 20:38:18,305162,1267423070,8235.80129362876
2014-06-10 21:30:27,305167,1425423070,9262.49603762876
2014-06-10 21:30:27,305167,1425423070,9262.49603762876
2014-06-10 21:31:48,305168,1427423070,9275.49217362876
2014-06-10 21:39:39,305169,1506423070,9788.83954562876
2014-06-10 21:50:12,305170,1585623070,10303.486531228758
2014-06-10 23:47:22,305182,1664623070,10816.833903228759
2014-06-11 05:21:44,305205,1743623070,10948.38013159086
2014-06-11 10:05:52,305236,1822623070,11444.42887359086
2014-06-11 12:45:35,305256,1901623070,11940.47761559086
2014-06-11 13:20:36,305260,1980623070,12436.526357590861
2014-06-11 13:32:18,305262,2059623070,12932.57509959086
2014-06-11 15:51:38,305277,2138623070,13428.62384159086
2014-06-11 16:02:46,305280,2217623070,13924.672583590862
2014-06-11 16:11:39,305282,2296623070,14420.721325590861
2014-06-11 16:50:37,305285,579593070,3639.3216866508606
2014-06-11 16:54:14,305286,658593070,4135.37042865086
2014-06-11 17:43:12,305291,737593070,4631.41917065086
2014-06-11 17:45:06,305292,573070,3.59836269086
2014-06-11 17:59:34,305294,79563070,499.58431371086004
2014-06-11 18:24:57,305296,151613070,951.99332461086
2014-06-11 18:46:30,305302,230613070,1448.0420666108603
2014-06-11 19:04:40,305303,309613070,1944.09080861086
2014-06-11 20:15:57,305307,388613070,2440.13955061086
2014-06-11 20:17:43,305308,705613070,4430.61361661086
2014-06-11 20:17:43,305308,705613070,4430.61361661086
2014-06-11 20:17:43,305308,705613070,4430.61361661086
2014-06-11 21:23:07,305314,784613070,4926.66235861086
2014-06-11 22:53:48,305320,863613070,5422.711100610861
2014-06-11 23:09:32,305322,1022613070,6421.087682610861
2014-06-12 00:09:06,305331,1101613070,6409.221194491311
2014-06-12 00:51:23,305335,1259513070,7327.8886051913105
2014-06-12 00:51:23,305335,1259513070,7327.8886051913105
2014-06-12 01:57:30,305344,1338513070,7787.51321219131
2014-06-12 02:59:46,305350,1417513070,8247.13781919131
2014-06-12 03:37:19,305356,1496513070,8706.76242619131
2014-06-12 06:58:51,305375,1575513070,9166.387033191311
2014-06-12 09:42:28,305398,1576513070,9172.20506619131
2014-06-12 10:18:09,305402,1655513070,9631.82967319131
2014-06-12 10:45:58,305408,1659423070,9654.57818222131
2014-06-12 10:52:12,305409,1738413070,10114.14460889131
2014-06-12 13:46:39,305424,407383070,2370.1681449013104
2014-06-12 14:05:53,305426,486383070,2829.79275190131
2014-06-12 14:13:10,305427,571383070,3324.32555690131
2014-06-12 14:16:09,305429,363070,2.11235324131
2014-06-12 15:04:15,305436,80563070,468.71859984131004
2014-06-12 15:52:29,305441,161043070,936.9538956813101
2014-06-12 16:25:12,305444,325043070,1891.11130768131
2014-06-12 17:26:33,305446,404033070,2350.6777343513104
2014-06-12 18:26:11,305451,520276279,3026.9845603392073
2014-06-12 18:26:11,305451,520276279,3026.9845603392073
2014-06-12 18:42:38,305452,760276279,4423.3124803392075
2014-06-12 18:42:38,305452,760276279,4423.3124803392075
2014-06-12 18:42:38,305452,760276279,4423.3124803392075
2014-06-12 18:44:04,305453,842276279,4900.391186339208
2014-06-12 18:49:07,305454,924276279,5377.469892339208
2014-06-12 19:41:51,305464,1006067841,5853.335899176753
2014-06-12 20:01:13,305466,1088067841,6330.414605176753
2014-06-12 20:24:37,305471,1103957841,6422.863149546753
2014-06-12 20:44:40,305477,1186957841,6905.759888546754
2014-06-12 21:01:37,305479,1264397841,7356.308364066754
2014-06-12 21:39:09,305483,1265497841,7362.708200366754
2014-06-12 22:01:24,305485,1347597841,7840.368709666754
2014-06-12 22:40:58,305489,1429597841,8317.447415666753
2014-06-12 23:01:03,305490,1520597841,8846.888418666753
2014-06-12 23:26:19,305495,1609597841,9364.693355666754
2014-06-13 07:39:53,305549,1688537841,10087.775901737548
2014-06-13 09:45:24,305561,1867487841,11156.870981387548
2014-06-13 11:42:33,305575,1953487841,11670.657943387547
2014-06-13 12:02:06,305577,586457841,3503.655726377547
2014-06-13 12:06:43,305578,437841,2.615779037547
2014-06-13 12:58:47,305583,79437841,474.58287203754696
2014-06-13 15:10:08,305592,164437841,982.395567037547
2014-06-13 15:14:46,305593,249437841,1490.208262037547
2014-06-13 15:28:07,305595,334437841,1998.0209570375469
2014-06-13 15:35:34,305596,504437841,3013.646347037547
2014-06-13 15:35:34,305596,504437841,3013.646347037547
2014-06-13 15:47:37,305598,674437841,4029.271737037547
2014-06-13 15:47:37,305598,674437841,4029.271737037547
2014-06-13 16:50:52,305605,759437841,4537.084432037547
2014-06-13 17:25:38,305611,791137841,4726.468695937547
2014-06-13 19:00:10,305624,879137841,5252.204191937547
2014-06-13 19:38:00,305629,1137137841,6793.565077937546
2014-06-13 19:38:00,305629,1137137841,6793.565077937546
2014-06-13 20:19:49,305635,1312137841,7839.061802937546
2014-06-13 21:04:09,305638,1400137841,8364.797298937547
2014-06-13 21:03:27,305639,1488137841,8890.532794937546
2014-06-13 23:33:04,305662,1573137841,9398.345489937547
2014-06-13 23:57:18,305664,1656137841,9894.209650937546
2014-06-14 01:40:40,305675,1744137841,9971.06511148858
2014-06-14 02:07:32,305678,1832137841,10474.152487488584
2014-06-14 02:39:21,305682,1920137841,10977.239863488583
2014-06-14 14:30:29,305768,2008137841,11480.32723948858
2014-06-14 16:38:20,305784,2099045279,12000.036153605657
2014-06-14 16:50:24,305788,2190045279,12520.274235605657
2014-06-14 18:25:00,305795,2281045279,13040.512317605659
2014-06-14 19:00:32,305800,2371045279,13555.033497605658
2014-06-14 19:37:32,305803,2462045279,14075.271579605658
2014-06-14 20:50:44,305812,2548270768,14568.214250120736
2014-06-15 01:52:14,305859,2639270768,15623.738672203426
2014-06-15 21:40:58,306009,2814059273,16658.437331445017
2014-06-16 11:54:14,306127,999273,5.876324803799999
2014-06-16 11:54:14,306127,999273,5.876324803799999
2014-06-16 20:53:02,306201,86999273,511.60792480379996
2014-06-16 21:15:03,306205,186999273,1099.6679248038
2014-06-17 16:59:01,306352,979273,5.947543078571
2014-06-17 16:59:01,306352,979273,5.947543078571
2014-06-17 23:48:53,306402,86979273,528.2622650785711
2014-06-18 02:57:38,306428,165979273,1003.9674595172959
2014-06-18 12:12:55,306488,334979273,2026.2065475172958
2014-06-18 15:42:38,306516,503969273,3048.3851479972955
2014-06-18 15:54:34,306518,672969273,4070.6242359972957
2014-06-18 18:05:20,306529,840935273,5086.6089144292955
2014-06-18 19:55:25,306539,1009935273,6108.848002429295
2014-06-18 20:43:06,306543,1094935273,6622.991922429295
2014-06-18 21:17:20,306547,1263935273,7645.231010429296
2014-06-18 21:59:53,306552,1340565430,8108.747825843359
2014-06-18 22:33:49,306554,1509734430,9132.00915293136
2014-06-18 22:33:49,306554,1509734430,9132.00915293136
2014-06-19 00:09:25,306563,1594734430,9445.05068237064
2014-06-19 10:01:12,306630,1679734430,9948.47576237064
2014-06-19 15:38:01,306670,1764734430,10451.90084237064
2014-06-19 16:53:22,306676,1849734430,10955.325922370641
2014-06-19 17:27:04,306677,1934734430,11458.75100237064
2014-06-19 17:55:42,306680,2019734430,11962.17608237064
2014-06-19 19:02:54,306688,2188734430,12963.10359437064
2014-06-19 19:34:48,306692,2273834430,13467.120939170642
2014-06-19 19:52:44,306693,2358834430,13970.54601917064
2014-06-19 19:55:45,306694,2443834430,14473.971099170642
2014-06-19 20:20:05,306698,2528834430,14977.39617917064
2014-06-19 20:57:00,306702,2773242680,16424.94021221664
2014-06-19 20:57:00,306702,2773242680,16424.94021221664
2014-06-19 20:57:00,306702,2773242680,16424.94021221664
2014-06-19 21:23:29,306707,2943242680,17431.79037221664
2014-06-19 21:23:29,306707,2943242680,17431.79037221664
2014-06-19 22:52:14,306716,3028242680,17935.215452216642
2014-06-20 00:35:09,306734,3113242680,18322.1025189762
2014-06-20 02:40:39,306748,3198242680,18822.345793976197
2014-06-20 02:48:01,306749,3283242680,19322.589068976198
2014-06-20 09:17:16,306795,3368242680,19822.8323439762
2014-06-20 09:37:31,306797,3453242680,20323.0756189762
2014-06-20 09:56:03,306799,3538242680,20823.318893976197
2014-06-20 13:22:23,306819,3634232680,21388.2406818262
2014-06-20 13:22:23,306819,3634232680,21388.2406818262
2014-06-20 13:45:31,306823,3806182680,22400.203401076196
2014-06-20 13:45:31,306823,3806182680,22400.203401076196
2014-06-20 14:57:23,306836,3978182680,23412.460381076195
2014-06-20 16:25:36,306850,4064182680,23918.588871076197
2014-06-20 16:40:11,306852,4150182680,24424.7173610762
2014-06-20 16:51:38,306853,4237182680,24936.731066076198
2014-06-20 17:12:09,306856,4323182680,25442.859556076197
2014-06-20 17:55:31,306864,4495182680,26455.1165360762
2014-06-20 18:09:03,306865,4581182680,26961.245026076198
2014-06-20 18:42:18,306868,4667182680,27467.373516076197
2014-06-20 18:59:02,306871,4839182680,28479.630496076195
2014-06-20 18:59:02,306871,4839182680,28479.630496076195
2014-06-20 19:38:42,306878,4995094813,29397.20691988979
2014-06-20 20:18:23,306881,5075094813,29868.02411988979
2014-06-20 20:54:58,306889,5161094813,30374.152609889792
2014-06-20 20:56:20,306890,5333094813,31386.409589889794
2014-06-20 21:22:17,306895,5419094813,31892.538079889793
2014-06-20 21:29:06,306896,5505094813,32398.666569889792
2014-06-20 21:43:02,306898,173994813,1023.9968833897949
2014-06-20 21:43:02,306898,173994813,1023.9968833897949
2014-06-20 22:02:50,306902,259994813,1530.125373389795
2014-06-20 22:04:53,306904,428594813,2522.372622389795
2014-06-21 01:18:44,306925,514594813,3041.408694084274
2014-06-21 02:35:35,306938,600594813,3549.694322084274
2014-06-21 11:07:42,306988,686584813,4057.920847104274
2014-06-21 11:13:33,306989,770862051,4556.024438301199
2014-06-21 15:04:16,307026,947062051,5597.418945901198
2014-06-21 15:52:20,307034,1033062051,6105.704573901197
2014-06-21 16:58:03,307043,1119062051,6613.990201901199
2014-06-21 22:02:10,307087,1205062051,7122.275829901198
2014-06-22 00:43:12,307107,1291062051,7731.867223857014
2014-06-22 02:00:10,307124,1377062051,8246.901013857016
2014-06-22 04:25:38,307144,1463062051,8761.934803857015
2014-06-22 12:32:41,307211,1549062051,9276.968593857015
2014-06-22 15:32:38,307233,1634962051,9791.403507357016
2014-06-22 16:49:26,307239,1720962051,10306.437297357015
2014-06-22 17:45:31,307244,1806962051,10821.471087357015
2014-06-22 22:26:18,307273,1892962051,11336.504877357014
2014-06-22 22:52:46,307276,1978962051,11851.538667357014
2014-06-23 03:59:13,307314,2064962051,12130.821934880496
2014-06-23 08:45:55,307344,2150962051,12636.037362880497
2014-06-23 10:54:28,307366,2236962051,13141.252790880499
2014-06-23 12:41:33,307371,2408962051,14151.683646880498
2014-06-23 12:41:33,307371,2408962051,14151.683646880498
2014-06-23 13:35:24,307378,172912051,1015.788788980498
2014-06-23 13:35:24,307378,172912051,1015.788788980498
2014-06-23 16:11:35,307396,258912051,1521.0042169804979
2014-06-23 16:23:15,307397,263147051,1545.883139510498
2014-06-23 17:03:36,307400,428897051,2519.597758010498
2014-06-23 17:43:35,307406,513597051,3017.1762086104977
2014-06-23 18:17:50,307408,685597051,4027.6070646104977
2014-06-23 18:37:25,307409,771597051,4532.822492610498
2014-06-23 20:56:28,307427,857597051,5038.037920610497
2014-06-23 22:01:25,307436,943597051,5543.2533486104985
2014-06-23 23:14:51,307449,1115597051,6553.6842046104975
2014-06-24 00:29:23,307459,1201597051,6909.984508483017
2014-06-24 01:17:34,307466,1287597051,7404.541870483016
2014-06-24 13:58:36,307572,1373597051,7899.099232483017
2014-06-24 14:14:38,307577,1459597051,8393.656594483016
2014-06-24 14:46:22,307582,1545597051,8888.213956483016
2014-06-24 15:12:55,307583,1631597051,9382.771318483015
2014-06-24 16:37:51,307594,1803597051,10371.886042483016
2014-06-24 17:29:31,307598,1975597051,11361.000766483017
2014-06-24 17:29:31,307598,1975597051,11361.000766483017
2014-06-24 17:58:19,307602,593567051,3413.4064524730165
2014-06-24 18:09:22,307603,86557051,497.76077680301694
2014-06-24 18:09:22,307603,86557051,497.76077680301694
2014-06-24 18:23:01,307606,172557051,992.318138803017
2014-06-24 18:37:09,307607,258547051,1486.8179941330168
2014-06-24 18:55:08,307608,344587051,1981.605382813017
2014-06-24 20:29:41,307619,430587051,2476.162744813017
2014-06-24 21:10:59,307624,602587051,3465.2774688130166
2014-06-24 21:10:59,307624,602587051,3465.2774688130166
2014-06-24 21:56:08,307630,688587051,3959.834830813017
2014-06-24 22:03:12,307631,689487051,3965.0104311130167
2014-06-24 23:21:19,307641,775487051,4459.567793113017
2014-06-24 23:50:32,307643,861487051,4954.125155113016
2014-06-25 00:54:16,307652,947487051,5326.073902765414
2014-06-25 02:55:20,307669,1033487051,5809.5025207654135
2014-06-25 05:53:33,307698,1119487051,6292.9311387654125
2014-06-25 12:27:41,307745,1205477051,6776.303544135414
2014-06-25 13:31:09,307751,1384477051,7782.509621135413
2014-06-25 15:02:03,307768,1444477051,8119.785401135413
2014-06-25 16:15:13,307775,1533477051,8620.077808135413
2014-06-25 17:24:59,307786,1712477051,9626.283885135414
2014-06-25 18:21:06,307792,1970477051,11076.569739135413
2014-06-25 18:21:06,307792,1970477051,11076.569739135413
2014-06-25 19:04:54,307800,427051,2.400565985413
2014-06-25 19:04:54,307800,427051,2.400565985413
2014-06-25 19:34:02,307805,179427051,1008.606642985413
2014-06-25 22:38:25,307822,263257051,1479.8371202754129
2014-06-26 11:51:56,307916,352257051,2040.921696879942
2014-06-26 13:15:00,307924,441257051,2556.573634879942
2014-06-26 13:49:12,307929,530257051,3072.225572879942
2014-06-26 16:48:12,307951,619257051,3587.877510879942
2014-06-26 17:43:19,307957,708257051,4103.529448879942
2014-06-26 18:48:49,307966,887257051,5140.627166879941
2014-06-26 19:07:19,307969,973257051,5638.897578879942
2014-06-26 21:14:56,307981,1063853835,6163.801031084069
2014-06-26 21:51:58,307986,1066853835,6181.18255708407
2014-06-26 22:44:24,307993,1155853835,6696.834495084069
2014-06-26 23:09:13,307998,1244853835,7212.486433084069
2014-06-27 05:23:40,308055,1333853835,8014.654176403576
2014-06-27 05:45:51,308058,1422853835,8549.423581403575
2014-06-27 09:42:56,308084,1511853835,9084.192986403576
2014-06-27 11:52:36,308101,1600853835,9618.962391403575
2014-06-27 12:44:49,308104,1688853835,10147.723151403576
2014-06-27 13:31:19,308109,813835,4.890045603575
2014-06-27 13:31:19,308109,813835,4.890045603575
2014-06-27 14:56:01,308122,175813835,1056.402920603575
2014-06-27 15:46:36,308127,263813835,1585.1636806035751
2014-06-27 17:12:13,308141,352551036,2118.3540197062202
2014-06-27 19:00:23,308152,616551036,3704.63629970622
2014-06-27 19:00:23,308152,616551036,3704.63629970622
2014-06-27 19:00:23,308152,616551036,3704.63629970622
2014-06-27 22:02:23,308179,791551036,4756.14917470622
2014-06-28 00:51:17,308206,966551036,5721.92414005784
2014-06-28 03:45:20,308219,1046541036,6195.46014065784
2014-06-28 07:36:22,308247,1134541036,6716.414860657841
2014-06-28 13:12:55,308295,1220541036,7225.52970065784
2014-06-29 02:25:38,308402,1306541036,7820.996450809152
2014-06-29 05:07:16,308421,1392541036,8335.795202809153
2014-06-29 14:55:22,308478,1478541036,8850.593954809152
2014-06-29 19:49:12,308519,1644741036,9845.472473209153
2014-06-30 08:38:54,308581,1730741036,11065.705694813427
2014-06-30 10:13:04,308591,1816741036,11615.557272813428
2014-06-30 10:29:00,308596,1898741036,12139.834358813427
2014-06-30 15:10:30,308621,2062741036,13188.388530813427
2014-06-30 16:34:40,308626,2226741036,14236.942702813429
2014-06-30 16:43:51,308627,2431741036,15547.635417813428
2014-06-30 16:43:51,308627,2431741036,15547.635417813428
2014-06-30 17:40:22,308631,2513741036,16071.912503813428
2014-06-30 17:55:06,308633,2636741036,16858.32813281343
2014-06-30 18:41:28,308638,691036,4.418223663428
2014-06-30 18:41:28,308638,691036,4.418223663428
2014-06-30 23:40:28,308671,164691036,1052.972395663428
2014-07-01 11:24:30,308733,325691036,2070.06128416758
2014-07-01 12:34:05,308742,446681036,2839.0622301175804
2014-07-01 13:18:38,308747,578681036,3678.04169011758
2014-07-01 13:46:50,308748,697681036,4434.39438511758
2014-07-01 15:34:43,308759,816681036,5190.74708011758
2014-07-01 16:19:06,308764,1136681036,7224.636680117581
2014-07-01 16:19:06,308764,1136681036,7224.636680117581
2014-07-01 16:34:44,308768,1215681036,7726.75317511758
2014-07-01 17:25:14,308771,1374681036,8737.34207011758
2014-07-01 18:14:51,308773,1533671036,9747.86740606758
2014-07-01 19:37:18,308778,1692671036,10758.456301067581
2014-07-01 20:29:15,308782,1851671036,11769.045196067582
2014-07-01 22:03:27,308792,2010671036,12779.63409106758
2014-07-01 23:26:36,308802,2169671036,13790.222986067582
2014-07-02 04:28:55,308830,2288671036,14815.4830844424
2014-07-02 08:07:00,308845,2288771036,14816.1304244424
2014-07-02 08:40:28,308848,2528781036,16369.811158442402
2014-07-02 08:40:28,308848,2528781036,16369.811158442402
2014-07-02 09:54:55,308859,2687781036,17399.0817584424
2014-07-02 12:10:12,308876,2846781036,18428.3523584424
2014-07-02 12:28:01,308879,2965771036,19198.6222244424
2014-07-02 14:17:05,308890,3124771036,20227.8928244424
2014-07-02 15:02:07,308896,3201071036,20721.8132444424
2014-07-02 20:56:48,308924,3353971036,21711.5961044424
2014-07-02 21:43:48,308928,3512971036,22740.8667044424
2014-07-02 22:26:22,308931,3671971036,23770.1373044424
2014-07-03 01:09:33,308947,3830971036,24544.567880156643
2014-07-03 01:10:35,308948,3976506533,25476.996199640507
2014-07-03 08:32:11,308995,4132708189,26477.761309232133
2014-07-03 09:49:01,309000,4450708189,28515.148831232134
2014-07-03 09:49:01,309000,4450708189,28515.148831232134
2014-07-03 10:40:28,309004,4569698195,29277.503401883405
2014-07-03 11:40:24,309014,4569708195,29277.567470673403
2014-07-03 12:57:41,309017,638195,4.088838143405
2014-07-03 12:57:41,309017,638195,4.088838143405
2014-07-03 14:05:34,309024,119638195,766.507439143405
2014-07-03 17:05:35,309037,357638195,2291.344641143405
2014-07-03 17:05:35,309037,357638195,2291.344641143405
2014-07-03 20:38:52,309057,476638195,3053.7632421434055
2014-07-03 21:45:46,309064,598638195,3835.4024801434052
2014-07-03 22:36:41,309070,757638195,4854.096241143405
2014-07-03 23:40:41,309079,916638195,5872.790002143405
2014-07-04 01:11:17,309090,1075638195,6743.794336417124
2014-07-04 02:28:58,309098,1234628195,7740.594065667125
2014-07-04 05:07:05,309114,1353628195,8486.673490667124
2014-07-04 08:54:10,309134,1512628195,9483.535915667124
2014-07-04 15:52:04,309188,1631719291,10230.186473871325
2014-07-04 16:02:56,309192,1750719291,10976.265898871325
2014-07-04 18:13:18,309205,689291,4.321561621325
2014-07-04 18:13:18,309205,689291,4.321561621325
2014-07-04 19:34:05,309215,278689291,1747.263411621325
2014-07-04 19:34:05,309215,278689291,1747.263411621325
2014-07-06 07:13:12,309443,399689291,2524.863231050915
2014-07-06 15:31:04,309491,560704793,3542.008623192545
2014-07-06 21:36:11,309527,681704793,4306.373488192545
2014-07-06 21:59:23,309528,802704793,5070.738353192545
2014-07-06 21:59:23,309528,802704793,5070.738353192545
2014-07-07 09:21:05,309606,963704793,5955.616596946974
2014-07-07 10:27:12,309609,1084704793,6703.386674946974
2014-07-07 11:13:18,309615,1205504793,7449.920769346974
2014-07-07 14:04:59,309626,1366504793,8444.887567346974
2014-07-07 15:18:25,309633,1648504793,10187.624443346975
2014-07-07 15:18:25,309633,1648504793,10187.624443346975
2014-07-07 17:56:50,309642,1767504793,10923.034685346975
2014-07-07 18:17:43,309646,1769117696,10933.002293628928
2014-07-07 19:20:01,309653,1890107696,11680.710572448928
2014-07-07 23:22:21,309687,2011107696,12428.480650448928
2014-07-08 02:00:21,309702,2013107696,12485.682460377328
2014-07-08 05:39:13,309723,2134107696,13236.147813377327
2014-07-08 07:26:34,309739,2255107696,13986.613166377327
2014-07-08 07:53:31,309741,2376097696,14737.016497447328
2014-07-08 10:41:03,309757,2497097696,15487.481850447328
2014-07-08 14:29:34,309782,2618097696,16237.947203447327
2014-07-08 14:34:05,309783,2739087696,16988.35053451733
2014-07-08 15:02:51,309786,3020849400,18735.8910027342
2014-07-08 15:02:51,309786,3020849400,18735.8910027342
2014-07-08 15:11:39,309789,3181849400,19734.4440757342
2014-07-08 15:23:39,309790,3426299400,21250.5701545842
2014-07-08 15:23:39,309790,3426299400,21250.5701545842
2014-07-08 15:35:22,309792,3549299400,22013.4398935842
2014-07-08 16:22:05,309796,3713299400,23030.5995455842
2014-07-08 17:04:49,309798,3835199400,23786.646872284196
2014-07-08 17:52:23,309806,3958199400,24549.5166112842
2014-07-08 19:18:20,309814,4081199400,25312.3863502842
2014-07-08 19:51:13,309817,4204199400,26075.2560892842
2014-07-08 20:32:16,309821,4448199400,27588.5911812842
2014-07-08 20:32:16,309821,4448199400,27588.5911812842
2014-07-08 20:39:03,309822,4451199400,27607.197760284198
2014-07-08 21:18:45,309823,4572189400,28357.601091354198
2014-07-08 21:28:53,309824,4695189400,29120.4708303542
2014-07-09 12:36:36,309930,119400,0.7409362224
2014-07-09 12:36:36,309930,119400,0.7409362224
2014-07-09 15:01:02,309942,246119400,1527.2929522224001
2014-07-09 17:09:48,309958,370109400,2296.7124012624
2014-07-09 18:47:29,309969,493109400,3059.9884092624
2014-07-09 20:18:49,309986,616109400,3823.2644172624005
2014-07-09 22:17:04,309995,739109400,4586.5404252624
2014-07-10 01:41:27,310011,862109400,5302.946131512599
2014-07-10 02:50:46,310021,985109400,6059.5349985125995
2014-07-10 09:58:10,310066,1109099400,6822.2134832226
2014-07-10 13:09:56,310086,1355099400,8335.3912172226
2014-07-10 14:38:24,310094,1478099400,9091.9800842226
2014-07-10 15:58:20,310106,1601089400,9848.5074399326
2014-07-10 18:19:06,310121,1713098890,10537.492262146809
2014-07-10 19:26:51,310130,1836098890,11294.081129146809
2014-07-10 19:56:12,310132,2094978890,12886.48540466681
2014-07-10 20:23:49,310135,2217978890,13643.074271666808
2014-07-10 20:36:37,310136,2266758890,13943.126344286808
2014-07-10 21:04:51,310140,2389758890,14699.715211286808
2014-07-10 21:22:26,310141,2553758890,15708.500367286808
2014-07-10 21:49:36,310144,2676758890,16465.08923428681
2014-07-10 22:26:20,310147,2790440722,17164.360847875138
2014-07-11 11:01:35,310242,3036430722,19165.35557684249
2014-07-11 17:31:05,310265,3159430722,19941.707468842487
2014-07-11 22:07:15,310296,3405430722,21494.411252842485
2014-07-12 01:51:18,310323,3523540958,22356.07458179445
2014-07-12 09:36:10,310374,3687540958,23396.61768179445
2014-07-12 15:45:07,310421,3923940958,24896.522491794447
2014-07-13 14:57:50,310570,890958,5.591437687122
2014-07-13 14:57:50,310570,890958,5.591437687122
2014-07-14 12:14:41,310694,164890958,1019.6523762984841
2014-07-14 13:28:58,310700,328890958,2033.795248298484
2014-07-14 16:01:54,310713,336490958,2080.792113098484
2014-07-14 16:29:46,310716,582490958,3602.006421098484
2014-07-14 18:15:21,310735,828490958,5123.220729098485
2014-07-14 21:36:54,310751,951490958,5883.827883098484
2014-07-15 01:40:34,310773,1074490958,6654.922068848565
2014-07-16 07:13:38,310970,1320490958,8123.711872763362
2014-07-16 09:07:01,310990,1484480958,9132.584748373361
2014-07-16 13:38:34,311014,1607430958,9888.977943423362
2014-07-16 13:38:07,311015,123410958,759.229026643362
2014-07-16 13:38:07,311015,123410958,759.229026643362
2014-07-16 20:16:18,311049,246410958,1515.929823643362
2014-07-16 22:35:17,311058,369410958,2272.630620643362
2014-07-16 23:52:48,311066,492410958,3029.331417643362
2014-07-17 02:08:30,311081,615410958,3831.6926306721716
2014-07-17 02:28:32,311083,738410958,4597.519412672172
2014-07-17 10:01:04,311139,984410958,6129.172976672171
2014-07-17 15:06:01,311179,1107410958,6894.999758672171
2014-07-17 17:52:43,311205,1230410958,7660.826540672171
2014-07-17 19:59:41,311220,1476410958,9192.480104672171
2014-07-17 19:59:41,311220,1476410958,9192.480104672171
2014-07-17 20:10:59,311221,1599410958,9958.306886672171
2014-07-17 23:12:52,311235,1722410958,10724.133668672172
2014-07-17 23:42:38,311236,1968389118,12255.65125172161
2014-07-17 23:42:38,311236,1968389118,12255.65125172161
2014-07-18 05:48:33,311282,2091389118,13138.432695978408
2014-07-18 11:56:17,311323,2214389118,13911.137883978408
2014-07-18 12:55:05,311327,2337389118,14683.843071978408
2014-07-18 13:37:11,311332,2460389118,15456.548259978408
2014-07-18 14:38:31,311340,2706389118,17001.958635978408
2014-07-18 18:53:24,311369,2829389118,17774.663823978408
2014-07-18 19:41:05,311378,2952389118,18547.369011978408
2014-07-18 20:13:54,311383,3070712004,19290.691840200623
2014-07-19 17:43:52,311537,3193712004,19986.284851864046
2014-07-20 17:04:52,311705,3357712004,20863.899022054895
2014-07-21 07:44:08,311793,3480712004,21580.772938136415
2014-07-21 13:11:26,311824,3603712004,22343.385607136413
2014-07-21 14:22:21,311828,3726712004,23105.998276136415
2014-07-21 15:08:11,311837,3849712004,23868.610945136414
2014-07-21 16:23:47,311846,4090912004,25364.075788736413
2014-07-22 10:29:25,311952,852004,5.272265504303999
2014-07-22 10:29:25,311952,852004,5.272265504303999
2014-07-22 11:24:59,311958,123852004,766.405613504304
2014-07-22 16:38:49,311990,205852004,1273.827845504304
2014-07-22 16:56:47,311991,328852004,2034.9611935043038
2014-07-22 20:33:37,312018,410852004,2542.383425504304
2014-07-22 20:44:26,312019,533852004,3303.5167735043037
2014-07-22 23:17:27,312036,718632200,4446.9506696472
2014-07-23 00:10:21,312040,800632200,4947.325737022801
2014-07-23 02:36:47,312054,923632200,5707.3764390228
2014-07-23 02:46:22,312055,1046632200,6467.4271410228
2014-07-23 22:01:44,312169,1128632200,6974.1276090228
2014-07-24 02:30:31,312205,1210632200,7263.871891093
2014-07-24 09:38:42,312252,1292632200,7755.877221093
2014-07-24 11:46:49,312264,1374632200,8247.882551092998
2014-07-24 14:32:16,312274,1538632200,9231.893211093
2014-07-24 19:26:48,312302,1620632200,9723.898541093
2014-07-24 19:55:35,312305,1792632200,10755.909721093
2014-07-24 20:36:54,312309,1875159805,11251.080715387323
2014-07-25 10:23:40,312405,1992658405,11954.515715948399
2014-07-25 13:31:16,312424,2078658405,12470.453795948399
2014-07-25 17:12:01,312447,2164658405,12986.3918759484
2014-07-26 08:43:32,312544,2250658405,13365.593455211032
2014-07-26 12:02:33,312559,608405,3.6130289110300002
2014-07-26 12:02:33,312559,608405,3.6130289110300002
2014-07-27 14:57:35,312733,37008405,218.69946696086998
2014-07-27 16:57:50,312745,123108405,727.5034563608699
2014-07-27 18:34:12,312758,129108405,762.9601803608699
2014-07-28 22:05:33,312913,215108405,1257.7240015550549
2014-07-29 07:32:41,312977,247472512,1440.793378929408
2014-07-29 09:29:47,312991,333472512,1941.4883029294078
2014-07-29 16:11:21,313026,419472512,2442.183226929408
2014-07-29 20:56:37,313054,591472512,3443.573074929408
2014-07-29 21:53:54,313064,643472512,3746.318842929408
2014-07-29 23:41:17,313077,729472512,4247.013766929408
2014-07-30 00:44:52,313081,988472512,5578.6423159744
2014-07-30 16:47:21,313198,442512,2.4974049744
2014-07-30 16:47:21,313198,442512,2.4974049744
2014-07-30 17:07:30,313201,86442512,487.8556049744
2014-07-30 17:55:37,313212,215442512,1215.8929049744
2014-07-30 21:24:55,313238,301442512,1701.2511049743998
2014-07-31 00:25:12,313250,435442512,2531.445478954512
2014-07-31 04:09:25,313277,524442512,3048.847067954512
2014-07-31 07:18:16,313296,650442512,3781.3481939545118
2014-07-31 09:41:35,313308,739442512,4298.749782954512
2014-07-31 13:29:05,313338,828442512,4816.151371954512
2014-07-31 16:08:16,313355,422512,2.4562739345119997
2014-07-31 16:08:16,313355,422512,2.4562739345119997
2014-07-31 16:32:04,313357,1422512,8.269774934512
2014-07-31 17:52:53,313367,87422512,508.23086093451195
2014-07-31 19:42:34,313373,176422512,1025.6324499345121
2014-07-31 20:23:25,313375,404422512,2351.110677934512
2014-07-31 20:23:25,313375,404422512,2351.110677934512
2014-07-31 22:02:52,313384,538422512,3130.119811934512
2014-07-31 22:18:34,313387,670422512,3897.501943934512
2014-08-01 00:15:20,313404,804422512,4786.99368342264
2014-08-01 05:48:47,313431,936422512,5572.5052234226405
2014-08-01 15:20:02,313502,1022422512,6084.277893422641
2014-08-01 16:19:41,313507,1104846434,6574.769877536731
2014-08-01 20:08:31,313532,1363846434,8116.038732536731
2014-08-01 21:16:25,313541,1492846434,8883.69773753673
2014-08-02 01:29:36,313569,1577846434,9266.49960961705
2014-08-02 05:58:58,313594,1831846434,10758.21062161705
2014-08-02 14:45:10,313661,806434,4.736088497051999
2014-08-02 14:45:10,313661,806434,4.736088497051999
2014-08-02 16:31:45,313674,169806434,997.2524704970518
2014-08-02 20:09:46,313700,254806434,1496.4471004970517
2014-08-03 07:31:50,313780,340806434,1995.448253971852
2014-08-03 07:38:15,313781,509806434,2984.9564359718515
2014-08-04 17:44:25,313974,636806434,3736.5502675893263
2014-08-04 18:01:14,313976,765806434,4493.475698589326
2014-08-04 19:53:23,313988,937806434,5502.7096065893265
2014-08-05 10:28:49,314069,1066806434,6220.68166745825
2014-08-05 11:07:49,314071,1066816434,6220.7399787082495
2014-08-05 12:33:08,314077,796434,4.64410620825
2014-08-05 12:33:08,314077,796434,4.64410620825
2014-08-05 16:05:20,314096,166796434,972.6108562082499
2014-08-05 22:47:27,314136,295796434,1724.82598120825
2014-08-06 02:26:45,314159,424796434,2476.71401295407
2014-08-06 11:44:35,314223,553796434,3228.82980795407
2014-08-06 12:45:49,314228,776434,4.52688585407
2014-08-06 12:45:49,314228,776434,4.52688585407
2014-08-06 14:07:53,314236,129776434,756.64268085407
2014-08-06 22:34:20,314293,301766437,1759.4054547951348
2014-08-07 03:45:52,314328,430766437,2530.309558711327
2014-08-07 10:27:28,314381,559766437,3288.051817711327
2014-08-07 10:51:55,314383,746437,4.384549291327
2014-08-07 10:51:55,314383,746437,4.384549291327
2014-08-07 13:49:44,314395,172736437,1014.6488215813271
2014-08-07 21:36:00,314450,301736437,1772.391080581327
2014-08-08 15:36:46,314561,473736437,2797.567151090588
2014-08-08 20:52:08,314598,645836437,3813.8734114905883
2014-08-09 14:19:44,314728,817836437,4809.65519417515
2014-08-09 18:17:57,314754,1076836437,6332.82124417515
2014-08-11 10:06:43,315049,816437,4.680687205842
2014-08-11 10:06:43,315049,816437,4.680687205842
2014-08-11 13:56:43,315074,259816437,1489.5447812058421
2014-08-11 19:42:15,315124,388816437,2229.1102952058422
2014-08-11 19:55:25,315125,560816437,3215.197647205842
2014-08-11 21:47:44,315144,796437,4.566025885842
2014-08-11 21:47:44,315144,796437,4.566025885842
2014-08-12 14:33:19,315272,172796437,981.8464618812629
2014-08-12 21:29:19,315319,344796437,1959.1674898812628
2014-08-13 11:47:56,315412,776437,4.228228218597
2014-08-13 11:47:56,315412,776437,4.228228218597
2014-08-14 15:42:44,315599,288776437,1468.5829663152322
2014-08-14 18:05:37,315622,288969950,1469.5670836432
2014-08-14 19:32:48,315634,576969950,2934.2014516432
2014-08-14 20:36:13,315639,748959950,3808.8627882832
2014-08-14 20:42:12,315640,749059950,3809.3713418832003
2014-08-14 20:46:39,315642,1022059950,5197.7226698832
2014-08-14 22:29:15,315652,1172049950,5960.502214523201
2014-08-15 10:05:13,315725,29950,0.1487366118
2014-08-15 10:05:13,315725,29950,0.1487366118
2014-08-15 12:59:05,315748,300029950,1489.9979366118
2014-08-15 12:59:05,315748,300029950,1489.9979366118
2014-08-15 16:30:58,315774,450029950,2234.9225366118
2014-08-15 20:35:56,315803,450036021,2234.952686193444
2014-08-15 22:01:53,315811,600036021,2979.877286193444
2014-08-16 00:50:25,315832,750036021,3898.9227484685944
2014-08-16 01:39:52,315838,900036021,4678.669848468594
2014-08-17 14:42:22,316090,1050036021,5176.166215987773
2014-08-18 06:44:22,316210,1250036021,5758.564688625099
2014-08-18 10:19:39,316240,16021,0.07380424509900001
2014-08-18 10:19:39,316240,16021,0.07380424509900001
2014-08-18 14:37:34,316273,201746086,929.387527551834
2014-08-18 15:31:09,316277,351746086,1620.395377551834
2014-08-19 03:51:28,316385,551746086,2685.54682915296
2014-08-19 14:15:49,316482,701746086,3415.65082915296
2014-08-19 15:52:52,316489,857376086,4173.15806595296
2014-08-19 16:27:10,316494,1007376086,4903.26206595296
2014-08-19 16:58:18,316495,1213706296,5907.54547689856
2014-08-19 22:04:51,316526,1413706296,6881.01747689856
2014-08-19 23:11:11,316536,1563706296,7611.12147689856
2014-08-20 06:14:54,316576,1713706296,8772.906379154665
2014-08-20 06:31:13,316578,1863706296,9540.795229154664
2014-08-20 12:50:55,316627,559686296,2865.179107974664
2014-08-20 12:59:41,316628,676296,3.462134384664
2014-08-20 21:42:24,316692,141014141,721.887910441519
2014-08-20 22:47:16,316696,291014141,1489.776760441519
2014-08-21 16:14:24,316814,591014141,3050.5815452563047
2014-08-21 18:54:21,316836,780814141,4030.254174256305
2014-08-21 19:51:41,316841,794141,4.099042156304999
2014-08-21 19:51:41,316841,794141,4.099042156304999
2014-08-25 14:36:21,317421,137794141,691.216198321736
2014-08-26 13:20:36,317568,774141,3.9749848892640003
2014-08-26 13:20:36,317568,774141,3.9749848892640003
2014-08-27 10:01:05,317713,150774141,769.5964479063
2014-08-27 12:52:07,317731,300774141,1535.2414479063
2014-08-27 17:06:27,317758,450774141,2300.8864479063004
2014-08-28 11:40:14,317906,600774141,3046.0174140877143
2014-08-28 13:09:25,317919,750774141,3806.540514087714
2014-08-29 03:24:46,318019,900774141,4579.737506251584
2014-08-29 15:25:40,318096,1050774141,5342.371106251583
2014-08-29 20:25:58,318136,754141,3.834221771584
2014-08-29 20:25:58,318136,754141,3.834221771584
2014-08-29 22:56:05,318152,150754141,766.467821771584
2014-08-31 20:05:58,318498,300754141,1437.825547519494
2014-09-01 08:47:56,318574,600754141,2848.3832434137857
2014-09-01 08:47:56,318574,600754141,2848.3832434137857
2014-09-02 13:11:26,318750,180744141,859.1096168625211
2014-09-02 13:11:46,318751,734141,3.489505052521
2014-09-02 15:32:41,318764,150734141,716.466655052521
2014-09-02 20:56:54,318790,300734141,1429.443805052521
2014-09-04 14:18:03,319081,450734141,2204.479834521965
2014-09-04 20:57:03,319119,600724141,2938.060675871965
2014-09-04 22:16:10,319126,600814141,2938.500853721965
2014-09-05 13:22:09,319221,750814141,3607.66945564641
2014-09-05 14:04:19,319225,794141,3.8158554464099996
2014-09-05 14:04:19,319225,794141,3.8158554464099996
2014-09-05 22:48:45,319277,150794141,724.5673554464099
2014-09-08 02:52:39,319635,300894141,1420.6653679545389
2014-09-08 18:14:12,319738,874141,4.127238374539
2014-09-08 18:14:12,319738,874141,4.127238374539
2014-09-08 19:30:59,319745,150874141,712.3490883745391
2014-09-09 12:26:43,319838,311570929,1469.2363950901038
2014-09-09 12:26:43,319838,311570929,1469.2363950901038
2014-09-09 14:09:30,319848,611520929,2883.673416290104
2014-09-10 16:53:03,320019,500929,2.392072728617
2014-09-10 16:53:03,320019,500929,2.392072728617
2014-09-13 18:19:22,320528,300500929,1433.648162629869
2014-09-14 11:17:48,320646,87682863,416.24370309044997
2014-09-16 10:53:45,320958,672863,3.1203268018440005
